id_obligacion,tipo,acreedor,descripcion,fecha_vencimiento,monto,estado,fecha_pago
O-00001,arriendo,Inmobiliaria Parque Industrial S.A.,Arriendo bodega y oficinas,2025-10-06,18500000,pagada,2025-10-06
O-00002,servicios,Servicios básicos y logística,"Luz, agua, fletes, telecom",2025-10-15,10619000,pagada,2025-10-15
O-00003,proveedor,Aceros del Pacífico Importadora S.A.,Factura compra semana 2025-09-16,2025-10-16,34019000,pagada,2025-10-16
O-00004,proveedor,Distribuidora Ferrotec Ltda.,Factura compra semana 2025-09-16,2025-10-16,16237000,pagada,2025-10-16
O-00005,proveedor,Tornillos y Fijaciones Industriales S.A.,Factura compra semana 2025-09-16,2025-10-16,12383000,pagada,2025-10-16
O-00006,proveedor,Soldamax Chile SpA,Factura compra semana 2025-09-16,2025-10-16,9026000,pagada,2025-10-16
O-00007,proveedor,Pinturas Industriales Norte S.A.,Factura compra semana 2025-09-16,2025-10-16,9653000,pagada,2025-10-16
O-00008,proveedor,Herramientas Profesionales Ltda.,Factura compra semana 2025-09-16,2025-10-16,12364000,pagada,2025-10-16
O-00009,proveedor,Abrasivos y Discos del Sur SpA,Factura compra semana 2025-09-16,2025-10-16,10149000,pagada,2025-10-16
O-00010,impuestos,Tesorería (IVA y retenciones),Declaración mensual de impuestos,2025-10-20,18584000,pagada,2025-10-20
O-00011,proveedor,Aceros del Pacífico Importadora S.A.,Factura compra semana 2025-09-23,2025-10-23,28748000,pagada,2025-10-23
O-00012,proveedor,Distribuidora Ferrotec Ltda.,Factura compra semana 2025-09-23,2025-10-23,18307000,pagada,2025-10-23
O-00013,proveedor,Tornillos y Fijaciones Industriales S.A.,Factura compra semana 2025-09-23,2025-10-23,10519000,pagada,2025-10-23
O-00014,proveedor,Soldamax Chile SpA,Factura compra semana 2025-09-23,2025-10-23,11147000,pagada,2025-10-23
O-00015,proveedor,Pinturas Industriales Norte S.A.,Factura compra semana 2025-09-23,2025-10-23,8541000,pagada,2025-10-23
O-00016,proveedor,Herramientas Profesionales Ltda.,Factura compra semana 2025-09-23,2025-10-23,10463000,pagada,2025-10-23
O-00017,proveedor,Abrasivos y Discos del Sur SpA,Factura compra semana 2025-09-23,2025-10-23,8731000,pagada,2025-10-23
O-00018,proveedor,Aceros del Pacífico Importadora S.A.,Factura compra semana 2025-09-30,2025-10-30,28867000,pagada,2025-10-30
O-00019,proveedor,Distribuidora Ferrotec Ltda.,Factura compra semana 2025-09-30,2025-10-30,18681000,pagada,2025-10-30
O-00020,proveedor,Tornillos y Fijaciones Industriales S.A.,Factura compra semana 2025-09-30,2025-10-30,11193000,pagada,2025-10-30
O-00021,proveedor,Soldamax Chile SpA,Factura compra semana 2025-09-30,2025-10-30,8944000,pagada,2025-10-30
O-00022,proveedor,Pinturas Industriales Norte S.A.,Factura compra semana 2025-09-30,2025-10-30,7038000,pagada,2025-10-30
O-00023,proveedor,Herramientas Profesionales Ltda.,Factura compra semana 2025-09-30,2025-10-30,11608000,pagada,2025-10-30
O-00024,proveedor,Abrasivos y Discos del Sur SpA,Factura compra semana 2025-09-30,2025-10-30,11035000,pagada,2025-10-30
O-00025,sueldos,Remuneraciones personal,Sueldos del mes,2025-10-31,55752000,pagada,2025-10-31
O-00026,arriendo,Inmobiliaria Parque Industrial S.A.,Arriendo bodega y oficinas,2025-11-05,18500000,pagada,2025-11-05
O-00027,proveedor,Aceros del Pacífico Importadora S.A.,Factura compra semana 2025-10-07,2025-11-06,34068000,pagada,2025-11-06
O-00028,proveedor,Distribuidora Ferrotec Ltda.,Factura compra semana 2025-10-07,2025-11-06,17422000,pagada,2025-11-06
O-00029,proveedor,Tornillos y Fijaciones Industriales S.A.,Factura compra semana 2025-10-07,2025-11-06,12417000,pagada,2025-11-06
O-00030,proveedor,Soldamax Chile SpA,Factura compra semana 2025-10-07,2025-11-06,11144000,pagada,2025-11-06
O-00031,proveedor,Pinturas Industriales Norte S.A.,Factura compra semana 2025-10-07,2025-11-06,8005000,pagada,2025-11-06
O-00032,proveedor,Herramientas Profesionales Ltda.,Factura compra semana 2025-10-07,2025-11-06,15155000,pagada,2025-11-06
O-00033,proveedor,Abrasivos y Discos del Sur SpA,Factura compra semana 2025-10-07,2025-11-06,11417000,pagada,2025-11-06
O-00034,proveedor,Aceros del Pacífico Importadora S.A.,Factura compra semana 2025-10-14,2025-11-13,33132000,pagada,2025-11-13
O-00035,proveedor,Distribuidora Ferrotec Ltda.,Factura compra semana 2025-10-14,2025-11-13,19259000,pagada,2025-11-13
O-00036,proveedor,Tornillos y Fijaciones Industriales S.A.,Factura compra semana 2025-10-14,2025-11-13,12808000,pagada,2025-11-13
O-00037,proveedor,Soldamax Chile SpA,Factura compra semana 2025-10-14,2025-11-13,9816000,pagada,2025-11-13
O-00038,proveedor,Pinturas Industriales Norte S.A.,Factura compra semana 2025-10-14,2025-11-13,7118000,pagada,2025-11-13
O-00039,proveedor,Herramientas Profesionales Ltda.,Factura compra semana 2025-10-14,2025-11-13,14587000,pagada,2025-11-13
O-00040,proveedor,Abrasivos y Discos del Sur SpA,Factura compra semana 2025-10-14,2025-11-13,12445000,pagada,2025-11-13
O-00041,servicios,Servicios básicos y logística,"Luz, agua, fletes, telecom",2025-11-17,11105000,pagada,2025-11-17
O-00042,proveedor,Aceros del Pacífico Importadora S.A.,Factura compra semana 2025-10-21,2025-11-20,38609000,pagada,2025-11-20
O-00043,proveedor,Distribuidora Ferrotec Ltda.,Factura compra semana 2025-10-21,2025-11-20,18722000,pagada,2025-11-20
O-00044,proveedor,Tornillos y Fijaciones Industriales S.A.,Factura compra semana 2025-10-21,2025-11-20,15298000,pagada,2025-11-20
O-00045,proveedor,Soldamax Chile SpA,Factura compra semana 2025-10-21,2025-11-20,11692000,pagada,2025-11-20
O-00046,proveedor,Pinturas Industriales Norte S.A.,Factura compra semana 2025-10-21,2025-11-20,8384000,pagada,2025-11-20
O-00047,proveedor,Herramientas Profesionales Ltda.,Factura compra semana 2025-10-21,2025-11-20,15153000,pagada,2025-11-20
O-00048,proveedor,Abrasivos y Discos del Sur SpA,Factura compra semana 2025-10-21,2025-11-20,12844000,pagada,2025-11-20
O-00049,impuestos,Tesorería (IVA y retenciones),Declaración mensual de impuestos,2025-11-20,19434000,pagada,2025-11-20
O-00050,proveedor,Aceros del Pacífico Importadora S.A.,Factura compra semana 2025-10-28,2025-11-27,33220000,pagada,2025-11-27
O-00051,proveedor,Distribuidora Ferrotec Ltda.,Factura compra semana 2025-10-28,2025-11-27,21865000,pagada,2025-11-27
O-00052,proveedor,Tornillos y Fijaciones Industriales S.A.,Factura compra semana 2025-10-28,2025-11-27,14561000,pagada,2025-11-27
O-00053,proveedor,Soldamax Chile SpA,Factura compra semana 2025-10-28,2025-11-27,11401000,pagada,2025-11-27
O-00054,proveedor,Pinturas Industriales Norte S.A.,Factura compra semana 2025-10-28,2025-11-27,8470000,pagada,2025-11-27
O-00055,proveedor,Herramientas Profesionales Ltda.,Factura compra semana 2025-10-28,2025-11-27,11193000,pagada,2025-11-27
O-00056,proveedor,Abrasivos y Discos del Sur SpA,Factura compra semana 2025-10-28,2025-11-27,13101000,pagada,2025-11-27
O-00057,sueldos,Remuneraciones personal,Sueldos del mes,2025-11-28,58302000,pagada,2025-11-28
O-00058,proveedor,Aceros del Pacífico Importadora S.A.,Factura compra semana 2025-11-04,2025-12-04,27430000,pagada,2025-12-04
O-00059,proveedor,Distribuidora Ferrotec Ltda.,Factura compra semana 2025-11-04,2025-12-04,16960000,pagada,2025-12-04
O-00060,proveedor,Tornillos y Fijaciones Industriales S.A.,Factura compra semana 2025-11-04,2025-12-04,12577000,pagada,2025-12-04
O-00061,proveedor,Soldamax Chile SpA,Factura compra semana 2025-11-04,2025-12-04,10586000,pagada,2025-12-04
O-00062,proveedor,Pinturas Industriales Norte S.A.,Factura compra semana 2025-11-04,2025-12-04,8005000,pagada,2025-12-04
O-00063,proveedor,Herramientas Profesionales Ltda.,Factura compra semana 2025-11-04,2025-12-04,11006000,pagada,2025-12-04
O-00064,proveedor,Abrasivos y Discos del Sur SpA,Factura compra semana 2025-11-04,2025-12-04,12797000,pagada,2025-12-04
O-00065,arriendo,Inmobiliaria Parque Industrial S.A.,Arriendo bodega y oficinas,2025-12-05,18500000,pagada,2025-12-05
O-00066,proveedor,Aceros del Pacífico Importadora S.A.,Factura compra semana 2025-11-11,2025-12-11,33604000,pagada,2025-12-11
O-00067,proveedor,Distribuidora Ferrotec Ltda.,Factura compra semana 2025-11-11,2025-12-11,23825000,pagada,2025-12-11
O-00068,proveedor,Tornillos y Fijaciones Industriales S.A.,Factura compra semana 2025-11-11,2025-12-11,15392000,pagada,2025-12-11
O-00069,proveedor,Soldamax Chile SpA,Factura compra semana 2025-11-11,2025-12-11,11116000,pagada,2025-12-11
O-00070,proveedor,Pinturas Industriales Norte S.A.,Factura compra semana 2025-11-11,2025-12-11,8515000,pagada,2025-12-11
O-00071,proveedor,Herramientas Profesionales Ltda.,Factura compra semana 2025-11-11,2025-12-11,12061000,pagada,2025-12-11
O-00072,proveedor,Abrasivos y Discos del Sur SpA,Factura compra semana 2025-11-11,2025-12-11,13340000,pagada,2025-12-11
O-00073,servicios,Servicios básicos y logística,"Luz, agua, fletes, telecom",2025-12-15,11575000,pagada,2025-12-15
O-00074,proveedor,Aceros del Pacífico Importadora S.A.,Factura compra semana 2025-11-18,2025-12-18,35171000,pagada,2025-12-18
O-00075,proveedor,Distribuidora Ferrotec Ltda.,Factura compra semana 2025-11-18,2025-12-18,23011000,pagada,2025-12-18
O-00076,proveedor,Tornillos y Fijaciones Industriales S.A.,Factura compra semana 2025-11-18,2025-12-18,16118000,pagada,2025-12-18
O-00077,proveedor,Soldamax Chile SpA,Factura compra semana 2025-11-18,2025-12-18,10008000,pagada,2025-12-18
O-00078,proveedor,Pinturas Industriales Norte S.A.,Factura compra semana 2025-11-18,2025-12-18,10530000,pagada,2025-12-18
O-00079,proveedor,Herramientas Profesionales Ltda.,Factura compra semana 2025-11-18,2025-12-18,15091000,pagada,2025-12-18
O-00080,proveedor,Abrasivos y Discos del Sur SpA,Factura compra semana 2025-11-18,2025-12-18,11047000,pagada,2025-12-18
O-00081,impuestos,Tesorería (IVA y retenciones),Declaración mensual de impuestos,2025-12-22,20257000,pagada,2025-12-22
O-00082,proveedor,Aceros del Pacífico Importadora S.A.,Factura compra semana 2025-11-25,2025-12-25,40196000,pagada,2025-12-25
O-00083,proveedor,Distribuidora Ferrotec Ltda.,Factura compra semana 2025-11-25,2025-12-25,21182000,pagada,2025-12-25
O-00084,proveedor,Tornillos y Fijaciones Industriales S.A.,Factura compra semana 2025-11-25,2025-12-25,13052000,pagada,2025-12-25
O-00085,proveedor,Soldamax Chile SpA,Factura compra semana 2025-11-25,2025-12-25,9814000,pagada,2025-12-25
O-00086,proveedor,Pinturas Industriales Norte S.A.,Factura compra semana 2025-11-25,2025-12-25,9916000,pagada,2025-12-25
O-00087,proveedor,Herramientas Profesionales Ltda.,Factura compra semana 2025-11-25,2025-12-25,15125000,pagada,2025-12-25
O-00088,proveedor,Abrasivos y Discos del Sur SpA,Factura compra semana 2025-11-25,2025-12-25,10028000,pagada,2025-12-25
O-00089,sueldos,Remuneraciones personal,Sueldos del mes,2025-12-31,60771000,pagada,2025-12-31
O-00090,proveedor,Aceros del Pacífico Importadora S.A.,Factura compra semana 2025-12-02,2026-01-01,32640000,pagada,2026-01-01
O-00091,proveedor,Distribuidora Ferrotec Ltda.,Factura compra semana 2025-12-02,2026-01-01,16968000,pagada,2026-01-01
O-00092,proveedor,Tornillos y Fijaciones Industriales S.A.,Factura compra semana 2025-12-02,2026-01-01,14077000,pagada,2026-01-01
O-00093,proveedor,Soldamax Chile SpA,Factura compra semana 2025-12-02,2026-01-01,11927000,pagada,2026-01-01
O-00094,proveedor,Pinturas Industriales Norte S.A.,Factura compra semana 2025-12-02,2026-01-01,10452000,pagada,2026-01-01
O-00095,proveedor,Herramientas Profesionales Ltda.,Factura compra semana 2025-12-02,2026-01-01,11153000,pagada,2026-01-01
O-00096,proveedor,Abrasivos y Discos del Sur SpA,Factura compra semana 2025-12-02,2026-01-01,9723000,pagada,2026-01-01
O-00097,arriendo,Inmobiliaria Parque Industrial S.A.,Arriendo bodega y oficinas,2026-01-05,18500000,pagada,2026-01-05
O-00098,proveedor,Aceros del Pacífico Importadora S.A.,Factura compra semana 2025-12-09,2026-01-08,28222000,pagada,2026-01-08
O-00099,proveedor,Distribuidora Ferrotec Ltda.,Factura compra semana 2025-12-09,2026-01-08,24542000,pagada,2026-01-08
O-00100,proveedor,Tornillos y Fijaciones Industriales S.A.,Factura compra semana 2025-12-09,2026-01-08,13963000,pagada,2026-01-08
O-00101,proveedor,Soldamax Chile SpA,Factura compra semana 2025-12-09,2026-01-08,10400000,pagada,2026-01-08
O-00102,proveedor,Pinturas Industriales Norte S.A.,Factura compra semana 2025-12-09,2026-01-08,7480000,pagada,2026-01-08
O-00103,proveedor,Herramientas Profesionales Ltda.,Factura compra semana 2025-12-09,2026-01-08,11650000,pagada,2026-01-08
O-00104,proveedor,Abrasivos y Discos del Sur SpA,Factura compra semana 2025-12-09,2026-01-08,12596000,pagada,2026-01-08
O-00105,proveedor,Aceros del Pacífico Importadora S.A.,Factura compra semana 2025-12-16,2026-01-15,34778000,pagada,2026-01-15
O-00106,proveedor,Distribuidora Ferrotec Ltda.,Factura compra semana 2025-12-16,2026-01-15,23005000,pagada,2026-01-15
O-00107,proveedor,Tornillos y Fijaciones Industriales S.A.,Factura compra semana 2025-12-16,2026-01-15,12705000,pagada,2026-01-15
O-00108,proveedor,Soldamax Chile SpA,Factura compra semana 2025-12-16,2026-01-15,11402000,pagada,2026-01-15
O-00109,proveedor,Pinturas Industriales Norte S.A.,Factura compra semana 2025-12-16,2026-01-15,9811000,pagada,2026-01-15
O-00110,proveedor,Herramientas Profesionales Ltda.,Factura compra semana 2025-12-16,2026-01-15,12408000,pagada,2026-01-15
O-00111,proveedor,Abrasivos y Discos del Sur SpA,Factura compra semana 2025-12-16,2026-01-15,10692000,pagada,2026-01-15
O-00112,servicios,Servicios básicos y logística,"Luz, agua, fletes, telecom",2026-01-15,12061000,pagada,2026-01-15
O-00113,impuestos,Tesorería (IVA y retenciones),Declaración mensual de impuestos,2026-01-20,21107000,pagada,2026-01-20
O-00114,proveedor,Aceros del Pacífico Importadora S.A.,Factura compra semana 2025-12-23,2026-01-22,30308000,pagada,2026-01-22
O-00115,proveedor,Distribuidora Ferrotec Ltda.,Factura compra semana 2025-12-23,2026-01-22,23027000,pagada,2026-01-22
O-00116,proveedor,Tornillos y Fijaciones Industriales S.A.,Factura compra semana 2025-12-23,2026-01-22,14618000,pagada,2026-01-22
O-00117,proveedor,Soldamax Chile SpA,Factura compra semana 2025-12-23,2026-01-22,11532000,pagada,2026-01-22
O-00118,proveedor,Pinturas Industriales Norte S.A.,Factura compra semana 2025-12-23,2026-01-22,9689000,pagada,2026-01-22
O-00119,proveedor,Herramientas Profesionales Ltda.,Factura compra semana 2025-12-23,2026-01-22,12283000,pagada,2026-01-22
O-00120,proveedor,Abrasivos y Discos del Sur SpA,Factura compra semana 2025-12-23,2026-01-22,13269000,pagada,2026-01-22
O-00121,proveedor,Aceros del Pacífico Importadora S.A.,Factura compra semana 2025-12-30,2026-01-29,39355000,pagada,2026-01-29
O-00122,proveedor,Distribuidora Ferrotec Ltda.,Factura compra semana 2025-12-30,2026-01-29,18699000,pagada,2026-01-29
O-00123,proveedor,Tornillos y Fijaciones Industriales S.A.,Factura compra semana 2025-12-30,2026-01-29,16486000,pagada,2026-01-29
O-00124,proveedor,Soldamax Chile SpA,Factura compra semana 2025-12-30,2026-01-29,11397000,pagada,2026-01-29
O-00125,proveedor,Pinturas Industriales Norte S.A.,Factura compra semana 2025-12-30,2026-01-29,9383000,pagada,2026-01-29
O-00126,proveedor,Herramientas Profesionales Ltda.,Factura compra semana 2025-12-30,2026-01-29,14461000,pagada,2026-01-29
O-00127,proveedor,Abrasivos y Discos del Sur SpA,Factura compra semana 2025-12-30,2026-01-29,13296000,pagada,2026-01-29
O-00128,sueldos,Remuneraciones personal,Sueldos del mes,2026-01-30,63321000,pagada,2026-01-30
O-00129,proveedor,Aceros del Pacífico Importadora S.A.,Factura compra semana 2026-01-06,2026-02-05,31189000,pagada,2026-02-05
O-00130,proveedor,Distribuidora Ferrotec Ltda.,Factura compra semana 2026-01-06,2026-02-05,19587000,pagada,2026-02-05
O-00131,proveedor,Tornillos y Fijaciones Industriales S.A.,Factura compra semana 2026-01-06,2026-02-05,16929000,pagada,2026-02-05
O-00132,proveedor,Soldamax Chile SpA,Factura compra semana 2026-01-06,2026-02-05,14114000,pagada,2026-02-05
O-00133,proveedor,Pinturas Industriales Norte S.A.,Factura compra semana 2026-01-06,2026-02-05,10796000,pagada,2026-02-05
O-00134,proveedor,Herramientas Profesionales Ltda.,Factura compra semana 2026-01-06,2026-02-05,12501000,pagada,2026-02-05
O-00135,proveedor,Abrasivos y Discos del Sur SpA,Factura compra semana 2026-01-06,2026-02-05,12467000,pagada,2026-02-05
O-00136,arriendo,Inmobiliaria Parque Industrial S.A.,Arriendo bodega y oficinas,2026-02-05,18500000,pagada,2026-02-05
O-00137,proveedor,Aceros del Pacífico Importadora S.A.,Factura compra semana 2026-01-13,2026-02-12,35571000,pagada,2026-02-12
O-00138,proveedor,Distribuidora Ferrotec Ltda.,Factura compra semana 2026-01-13,2026-02-12,18156000,pagada,2026-02-12
O-00139,proveedor,Tornillos y Fijaciones Industriales S.A.,Factura compra semana 2026-01-13,2026-02-12,12074000,pagada,2026-02-12
O-00140,proveedor,Soldamax Chile SpA,Factura compra semana 2026-01-13,2026-02-12,13849000,pagada,2026-02-12
O-00141,proveedor,Pinturas Industriales Norte S.A.,Factura compra semana 2026-01-13,2026-02-12,8107000,pagada,2026-02-12
O-00142,proveedor,Herramientas Profesionales Ltda.,Factura compra semana 2026-01-13,2026-02-12,13213000,pagada,2026-02-12
O-00143,proveedor,Abrasivos y Discos del Sur SpA,Factura compra semana 2026-01-13,2026-02-12,10426000,pagada,2026-02-12
O-00144,servicios,Servicios básicos y logística,"Luz, agua, fletes, telecom",2026-02-16,12547000,pagada,2026-02-16
O-00145,proveedor,Aceros del Pacífico Importadora S.A.,Factura compra semana 2026-01-20,2026-02-19,37785000,pagada,2026-02-19
O-00146,proveedor,Distribuidora Ferrotec Ltda.,Factura compra semana 2026-01-20,2026-02-19,24299000,pagada,2026-02-19
O-00147,proveedor,Tornillos y Fijaciones Industriales S.A.,Factura compra semana 2026-01-20,2026-02-19,13295000,pagada,2026-02-19
O-00148,proveedor,Soldamax Chile SpA,Factura compra semana 2026-01-20,2026-02-19,13607000,pagada,2026-02-19
O-00149,proveedor,Pinturas Industriales Norte S.A.,Factura compra semana 2026-01-20,2026-02-19,8510000,pagada,2026-02-19
O-00150,proveedor,Herramientas Profesionales Ltda.,Factura compra semana 2026-01-20,2026-02-19,13832000,pagada,2026-02-19
O-00151,proveedor,Abrasivos y Discos del Sur SpA,Factura compra semana 2026-01-20,2026-02-19,10970000,pagada,2026-02-19
O-00152,impuestos,Tesorería (IVA y retenciones),Declaración mensual de impuestos,2026-02-20,21957000,pagada,2026-02-20
O-00153,proveedor,Aceros del Pacífico Importadora S.A.,Factura compra semana 2026-01-27,2026-02-26,36333000,pagada,2026-02-26
O-00154,proveedor,Distribuidora Ferrotec Ltda.,Factura compra semana 2026-01-27,2026-02-26,26477000,pagada,2026-02-26
O-00155,proveedor,Tornillos y Fijaciones Industriales S.A.,Factura compra semana 2026-01-27,2026-02-26,16206000,pagada,2026-02-26
O-00156,proveedor,Soldamax Chile SpA,Factura compra semana 2026-01-27,2026-02-26,10884000,pagada,2026-02-26
O-00157,proveedor,Pinturas Industriales Norte S.A.,Factura compra semana 2026-01-27,2026-02-26,11710000,pagada,2026-02-26
O-00158,proveedor,Herramientas Profesionales Ltda.,Factura compra semana 2026-01-27,2026-02-26,15877000,pagada,2026-02-26
O-00159,proveedor,Abrasivos y Discos del Sur SpA,Factura compra semana 2026-01-27,2026-02-26,12110000,pagada,2026-02-26
O-00160,sueldos,Remuneraciones personal,Sueldos del mes,2026-02-27,65872000,pagada,2026-02-27
O-00161,proveedor,Aceros del Pacífico Importadora S.A.,Factura compra semana 2026-02-03,2026-03-05,43550000,pagada,2026-03-05
O-00162,proveedor,Distribuidora Ferrotec Ltda.,Factura compra semana 2026-02-03,2026-03-05,24755000,pagada,2026-03-05
O-00163,proveedor,Tornillos y Fijaciones Industriales S.A.,Factura compra semana 2026-02-03,2026-03-05,16303000,pagada,2026-03-05
O-00164,proveedor,Soldamax Chile SpA,Factura compra semana 2026-02-03,2026-03-05,10956000,pagada,2026-03-05
O-00165,proveedor,Pinturas Industriales Norte S.A.,Factura compra semana 2026-02-03,2026-03-05,8474000,pagada,2026-03-05
O-00166,proveedor,Herramientas Profesionales Ltda.,Factura compra semana 2026-02-03,2026-03-05,17118000,pagada,2026-03-05
O-00167,proveedor,Abrasivos y Discos del Sur SpA,Factura compra semana 2026-02-03,2026-03-05,13341000,pagada,2026-03-05
O-00168,arriendo,Inmobiliaria Parque Industrial S.A.,Arriendo bodega y oficinas,2026-03-05,18500000,pagada,2026-03-05
O-00169,proveedor,Aceros del Pacífico Importadora S.A.,Factura compra semana 2026-02-10,2026-03-12,42439000,pagada,2026-03-12
O-00170,proveedor,Distribuidora Ferrotec Ltda.,Factura compra semana 2026-02-10,2026-03-12,24998000,pagada,2026-03-12
O-00171,proveedor,Tornillos y Fijaciones Industriales S.A.,Factura compra semana 2026-02-10,2026-03-12,17493000,pagada,2026-03-12
O-00172,proveedor,Soldamax Chile SpA,Factura compra semana 2026-02-10,2026-03-12,11928000,pagada,2026-03-12
O-00173,proveedor,Pinturas Industriales Norte S.A.,Factura compra semana 2026-02-10,2026-03-12,9441000,pagada,2026-03-12
O-00174,proveedor,Herramientas Profesionales Ltda.,Factura compra semana 2026-02-10,2026-03-12,13478000,pagada,2026-03-12
O-00175,proveedor,Abrasivos y Discos del Sur SpA,Factura compra semana 2026-02-10,2026-03-12,10572000,pagada,2026-03-12
O-00176,servicios,Servicios básicos y logística,"Luz, agua, fletes, telecom",2026-03-16,12986000,pagada,2026-03-16
O-00177,proveedor,Aceros del Pacífico Importadora S.A.,Factura compra semana 2026-02-17,2026-03-19,37725000,pagada,2026-03-19
O-00178,proveedor,Distribuidora Ferrotec Ltda.,Factura compra semana 2026-02-17,2026-03-19,22775000,pagada,2026-03-19
O-00179,proveedor,Tornillos y Fijaciones Industriales S.A.,Factura compra semana 2026-02-17,2026-03-19,12851000,pagada,2026-03-19
O-00180,proveedor,Soldamax Chile SpA,Factura compra semana 2026-02-17,2026-03-19,13186000,pagada,2026-03-19
O-00181,proveedor,Pinturas Industriales Norte S.A.,Factura compra semana 2026-02-17,2026-03-19,9576000,pagada,2026-03-19
O-00182,proveedor,Herramientas Profesionales Ltda.,Factura compra semana 2026-02-17,2026-03-19,14928000,pagada,2026-03-19
O-00183,proveedor,Abrasivos y Discos del Sur SpA,Factura compra semana 2026-02-17,2026-03-19,12713000,pagada,2026-03-19
O-00184,impuestos,Tesorería (IVA y retenciones),Declaración mensual de impuestos,2026-03-20,22725000,pagada,2026-03-20
O-00185,proveedor,Aceros del Pacífico Importadora S.A.,Factura compra semana 2026-02-24,2026-03-26,35407000,pagada,2026-03-26
O-00186,proveedor,Distribuidora Ferrotec Ltda.,Factura compra semana 2026-02-24,2026-03-26,24688000,pagada,2026-03-26
O-00187,proveedor,Tornillos y Fijaciones Industriales S.A.,Factura compra semana 2026-02-24,2026-03-26,15385000,pagada,2026-03-26
O-00188,proveedor,Soldamax Chile SpA,Factura compra semana 2026-02-24,2026-03-26,12471000,pagada,2026-03-26
O-00189,proveedor,Pinturas Industriales Norte S.A.,Factura compra semana 2026-02-24,2026-03-26,9847000,pagada,2026-03-26
O-00190,proveedor,Herramientas Profesionales Ltda.,Factura compra semana 2026-02-24,2026-03-26,12405000,pagada,2026-03-26
O-00191,proveedor,Abrasivos y Discos del Sur SpA,Factura compra semana 2026-02-24,2026-03-26,14156000,pagada,2026-03-26
O-00192,sueldos,Remuneraciones personal,Sueldos del mes,2026-03-31,68175000,pagada,2026-03-31
O-00193,proveedor,Aceros del Pacífico Importadora S.A.,Factura compra semana 2026-03-03,2026-04-02,45846000,pagada,2026-04-02
O-00194,proveedor,Distribuidora Ferrotec Ltda.,Factura compra semana 2026-03-03,2026-04-02,19760000,pagada,2026-04-02
O-00195,proveedor,Tornillos y Fijaciones Industriales S.A.,Factura compra semana 2026-03-03,2026-04-02,14153000,pagada,2026-04-02
O-00196,proveedor,Soldamax Chile SpA,Factura compra semana 2026-03-03,2026-04-02,14666000,pagada,2026-04-02
O-00197,proveedor,Pinturas Industriales Norte S.A.,Factura compra semana 2026-03-03,2026-04-02,11163000,pagada,2026-04-02
O-00198,proveedor,Herramientas Profesionales Ltda.,Factura compra semana 2026-03-03,2026-04-02,14295000,pagada,2026-04-02
O-00199,proveedor,Abrasivos y Discos del Sur SpA,Factura compra semana 2026-03-03,2026-04-02,13649000,pagada,2026-04-02
O-00200,arriendo,Inmobiliaria Parque Industrial S.A.,Arriendo bodega y oficinas,2026-04-06,18500000,pagada,2026-04-06
O-00201,proveedor,Aceros del Pacífico Importadora S.A.,Factura compra semana 2026-03-10,2026-04-09,45465000,pagada,2026-04-09
O-00202,proveedor,Distribuidora Ferrotec Ltda.,Factura compra semana 2026-03-10,2026-04-09,20756000,pagada,2026-04-09
O-00203,proveedor,Tornillos y Fijaciones Industriales S.A.,Factura compra semana 2026-03-10,2026-04-09,16705000,pagada,2026-04-09
O-00204,proveedor,Soldamax Chile SpA,Factura compra semana 2026-03-10,2026-04-09,14608000,pagada,2026-04-09
O-00205,proveedor,Pinturas Industriales Norte S.A.,Factura compra semana 2026-03-10,2026-04-09,8708000,pagada,2026-04-09
O-00206,proveedor,Herramientas Profesionales Ltda.,Factura compra semana 2026-03-10,2026-04-09,18294000,pagada,2026-04-09
O-00207,proveedor,Abrasivos y Discos del Sur SpA,Factura compra semana 2026-03-10,2026-04-09,15374000,pagada,2026-04-09
O-00208,servicios,Servicios básicos y logística,"Luz, agua, fletes, telecom",2026-04-15,13472000,pagada,2026-04-15
O-00209,proveedor,Aceros del Pacífico Importadora S.A.,Factura compra semana 2026-03-17,2026-04-16,42950000,pagada,2026-04-16
O-00210,proveedor,Distribuidora Ferrotec Ltda.,Factura compra semana 2026-03-17,2026-04-16,23720000,pagada,2026-04-16
O-00211,proveedor,Tornillos y Fijaciones Industriales S.A.,Factura compra semana 2026-03-17,2026-04-16,16369000,pagada,2026-04-16
O-00212,proveedor,Soldamax Chile SpA,Factura compra semana 2026-03-17,2026-04-16,13873000,pagada,2026-04-16
O-00213,proveedor,Pinturas Industriales Norte S.A.,Factura compra semana 2026-03-17,2026-04-16,9027000,pagada,2026-04-16
O-00214,proveedor,Herramientas Profesionales Ltda.,Factura compra semana 2026-03-17,2026-04-16,14426000,pagada,2026-04-16
O-00215,proveedor,Abrasivos y Discos del Sur SpA,Factura compra semana 2026-03-17,2026-04-16,11005000,pagada,2026-04-16
O-00216,impuestos,Tesorería (IVA y retenciones),Declaración mensual de impuestos,2026-04-20,23575000,pagada,2026-04-20
O-00217,proveedor,Aceros del Pacífico Importadora S.A.,Factura compra semana 2026-03-24,2026-04-23,37561000,pagada,2026-04-23
O-00218,proveedor,Distribuidora Ferrotec Ltda.,Factura compra semana 2026-03-24,2026-04-23,26098000,pagada,2026-04-23
O-00219,proveedor,Tornillos y Fijaciones Industriales S.A.,Factura compra semana 2026-03-24,2026-04-23,18289000,pagada,2026-04-23
O-00220,proveedor,Soldamax Chile SpA,Factura compra semana 2026-03-24,2026-04-23,12525000,pagada,2026-04-23
O-00221,proveedor,Pinturas Industriales Norte S.A.,Factura compra semana 2026-03-24,2026-04-23,11054000,pagada,2026-04-23
O-00222,proveedor,Herramientas Profesionales Ltda.,Factura compra semana 2026-03-24,2026-04-23,16446000,pagada,2026-04-23
O-00223,proveedor,Abrasivos y Discos del Sur SpA,Factura compra semana 2026-03-24,2026-04-23,13059000,pagada,2026-04-23
O-00224,proveedor,Aceros del Pacífico Importadora S.A.,Factura compra semana 2026-03-31,2026-04-30,43041000,pagada,2026-04-30
O-00225,proveedor,Distribuidora Ferrotec Ltda.,Factura compra semana 2026-03-31,2026-04-30,20616000,pagada,2026-04-30
O-00226,proveedor,Tornillos y Fijaciones Industriales S.A.,Factura compra semana 2026-03-31,2026-04-30,13259000,pagada,2026-04-30
O-00227,proveedor,Soldamax Chile SpA,Factura compra semana 2026-03-31,2026-04-30,12504000,pagada,2026-04-30
O-00228,proveedor,Pinturas Industriales Norte S.A.,Factura compra semana 2026-03-31,2026-04-30,12650000,pagada,2026-04-30
O-00229,proveedor,Herramientas Profesionales Ltda.,Factura compra semana 2026-03-31,2026-04-30,18871000,pagada,2026-04-30
O-00230,proveedor,Abrasivos y Discos del Sur SpA,Factura compra semana 2026-03-31,2026-04-30,14022000,pagada,2026-04-30
O-00231,sueldos,Remuneraciones personal,Sueldos del mes,2026-04-30,70726000,pagada,2026-04-30
O-00232,arriendo,Inmobiliaria Parque Industrial S.A.,Arriendo bodega y oficinas,2026-05-05,18500000,pagada,2026-05-05
O-00233,proveedor,Aceros del Pacífico Importadora S.A.,Factura compra semana 2026-04-07,2026-05-07,41532000,pagada,2026-05-07
O-00234,proveedor,Distribuidora Ferrotec Ltda.,Factura compra semana 2026-04-07,2026-05-07,25446000,pagada,2026-05-07
O-00235,proveedor,Tornillos y Fijaciones Industriales S.A.,Factura compra semana 2026-04-07,2026-05-07,15651000,pagada,2026-05-07
O-00236,proveedor,Soldamax Chile SpA,Factura compra semana 2026-04-07,2026-05-07,12285000,pagada,2026-05-07
O-00237,proveedor,Pinturas Industriales Norte S.A.,Factura compra semana 2026-04-07,2026-05-07,8614000,pagada,2026-05-07
O-00238,proveedor,Herramientas Profesionales Ltda.,Factura compra semana 2026-04-07,2026-05-07,13008000,pagada,2026-05-07
O-00239,proveedor,Abrasivos y Discos del Sur SpA,Factura compra semana 2026-04-07,2026-05-07,15956000,pagada,2026-05-07
O-00240,proveedor,Aceros del Pacífico Importadora S.A.,Factura compra semana 2026-04-14,2026-05-14,44561000,pagada,2026-05-14
O-00241,proveedor,Distribuidora Ferrotec Ltda.,Factura compra semana 2026-04-14,2026-05-14,26206000,pagada,2026-05-14
O-00242,proveedor,Tornillos y Fijaciones Industriales S.A.,Factura compra semana 2026-04-14,2026-05-14,18473000,pagada,2026-05-14
O-00243,proveedor,Soldamax Chile SpA,Factura compra semana 2026-04-14,2026-05-14,14109000,pagada,2026-05-14
O-00244,proveedor,Pinturas Industriales Norte S.A.,Factura compra semana 2026-04-14,2026-05-14,11550000,pagada,2026-05-14
O-00245,proveedor,Herramientas Profesionales Ltda.,Factura compra semana 2026-04-14,2026-05-14,18120000,pagada,2026-05-14
O-00246,proveedor,Abrasivos y Discos del Sur SpA,Factura compra semana 2026-04-14,2026-05-14,11501000,pagada,2026-05-14
O-00247,servicios,Servicios básicos y logística,"Luz, agua, fletes, telecom",2026-05-15,13942000,pagada,2026-05-15
O-00248,impuestos,Tesorería (IVA y retenciones),Declaración mensual de impuestos,2026-05-20,24398000,pagada,2026-05-20
O-00249,proveedor,Aceros del Pacífico Importadora S.A.,Factura compra semana 2026-04-21,2026-05-21,35803000,pagada,2026-05-21
O-00250,proveedor,Distribuidora Ferrotec Ltda.,Factura compra semana 2026-04-21,2026-05-21,25099000,pagada,2026-05-21
O-00251,proveedor,Tornillos y Fijaciones Industriales S.A.,Factura compra semana 2026-04-21,2026-05-21,13727000,pagada,2026-05-21
O-00252,proveedor,Soldamax Chile SpA,Factura compra semana 2026-04-21,2026-05-21,14508000,pagada,2026-05-21
O-00253,proveedor,Pinturas Industriales Norte S.A.,Factura compra semana 2026-04-21,2026-05-21,12361000,pagada,2026-05-21
O-00254,proveedor,Herramientas Profesionales Ltda.,Factura compra semana 2026-04-21,2026-05-21,18576000,pagada,2026-05-21
O-00255,proveedor,Abrasivos y Discos del Sur SpA,Factura compra semana 2026-04-21,2026-05-21,12675000,pagada,2026-05-21
O-00256,proveedor,Aceros del Pacífico Importadora S.A.,Factura compra semana 2026-04-28,2026-05-28,36337000,pagada,2026-05-28
O-00257,proveedor,Distribuidora Ferrotec Ltda.,Factura compra semana 2026-04-28,2026-05-28,29285000,pagada,2026-05-28
O-00258,proveedor,Tornillos y Fijaciones Industriales S.A.,Factura compra semana 2026-04-28,2026-05-28,19218000,pagada,2026-05-28
O-00259,proveedor,Soldamax Chile SpA,Factura compra semana 2026-04-28,2026-05-28,12722000,pagada,2026-05-28
O-00260,proveedor,Pinturas Industriales Norte S.A.,Factura compra semana 2026-04-28,2026-05-28,12732000,pagada,2026-05-28
O-00261,proveedor,Herramientas Profesionales Ltda.,Factura compra semana 2026-04-28,2026-05-28,19011000,pagada,2026-05-28
O-00262,proveedor,Abrasivos y Discos del Sur SpA,Factura compra semana 2026-04-28,2026-05-28,12856000,pagada,2026-05-28
O-00263,sueldos,Remuneraciones personal,Sueldos del mes,2026-05-29,73194000,pagada,2026-05-29
O-00264,proveedor,Aceros del Pacífico Importadora S.A.,Factura compra semana 2026-05-05,2026-06-04,39292000,pagada,2026-06-04
O-00265,proveedor,Distribuidora Ferrotec Ltda.,Factura compra semana 2026-05-05,2026-06-04,29249000,pagada,2026-06-04
O-00266,proveedor,Tornillos y Fijaciones Industriales S.A.,Factura compra semana 2026-05-05,2026-06-04,18235000,pagada,2026-06-04
O-00267,proveedor,Soldamax Chile SpA,Factura compra semana 2026-05-05,2026-06-04,14507000,pagada,2026-06-04
O-00268,proveedor,Pinturas Industriales Norte S.A.,Factura compra semana 2026-05-05,2026-06-04,13093000,pagada,2026-06-04
O-00269,proveedor,Herramientas Profesionales Ltda.,Factura compra semana 2026-05-05,2026-06-04,19054000,pagada,2026-06-04
O-00270,proveedor,Abrasivos y Discos del Sur SpA,Factura compra semana 2026-05-05,2026-06-04,11499000,pagada,2026-06-04
O-00271,arriendo,Inmobiliaria Parque Industrial S.A.,Arriendo bodega y oficinas,2026-06-05,18500000,pagada,2026-06-05
O-00272,proveedor,Aceros del Pacífico Importadora S.A.,Factura compra semana 2026-05-12,2026-06-11,41872000,pagada,2026-06-11
O-00273,proveedor,Distribuidora Ferrotec Ltda.,Factura compra semana 2026-05-12,2026-06-11,29114000,pagada,2026-06-11
O-00274,proveedor,Tornillos y Fijaciones Industriales S.A.,Factura compra semana 2026-05-12,2026-06-11,14151000,pagada,2026-06-11
O-00275,proveedor,Soldamax Chile SpA,Factura compra semana 2026-05-12,2026-06-11,11575000,pagada,2026-06-11
O-00276,proveedor,Pinturas Industriales Norte S.A.,Factura compra semana 2026-05-12,2026-06-11,12776000,pagada,2026-06-11
O-00277,proveedor,Herramientas Profesionales Ltda.,Factura compra semana 2026-05-12,2026-06-11,18616000,pagada,2026-06-11
O-00278,proveedor,Abrasivos y Discos del Sur SpA,Factura compra semana 2026-05-12,2026-06-11,12105000,pagada,2026-06-11
O-00279,servicios,Servicios básicos y logística,"Luz, agua, fletes, telecom",2026-06-15,14428000,pagada,2026-06-15
O-00280,proveedor,Aceros del Pacífico Importadora S.A.,Factura compra semana 2026-05-19,2026-06-18,36833000,pagada,2026-06-18
O-00281,proveedor,Distribuidora Ferrotec Ltda.,Factura compra semana 2026-05-19,2026-06-18,28701000,pagada,2026-06-18
O-00282,proveedor,Tornillos y Fijaciones Industriales S.A.,Factura compra semana 2026-05-19,2026-06-18,14923000,pagada,2026-06-18
O-00283,proveedor,Soldamax Chile SpA,Factura compra semana 2026-05-19,2026-06-18,12069000,pagada,2026-06-18
O-00284,proveedor,Pinturas Industriales Norte S.A.,Factura compra semana 2026-05-19,2026-06-18,13093000,pagada,2026-06-18
O-00285,proveedor,Herramientas Profesionales Ltda.,Factura compra semana 2026-05-19,2026-06-18,18948000,pagada,2026-06-18
O-00286,proveedor,Abrasivos y Discos del Sur SpA,Factura compra semana 2026-05-19,2026-06-18,13531000,pagada,2026-06-18
O-00287,impuestos,Tesorería (IVA y retenciones),Declaración mensual de impuestos,2026-06-22,25248000,pagada,2026-06-22
O-00288,proveedor,Aceros del Pacífico Importadora S.A.,Factura compra semana 2026-05-26,2026-06-25,44689000,pagada,2026-06-25
O-00289,proveedor,Distribuidora Ferrotec Ltda.,Factura compra semana 2026-05-26,2026-06-25,24815000,pagada,2026-06-25
O-00290,proveedor,Tornillos y Fijaciones Industriales S.A.,Factura compra semana 2026-05-26,2026-06-25,15482000,pagada,2026-06-25
O-00291,proveedor,Soldamax Chile SpA,Factura compra semana 2026-05-26,2026-06-25,16943000,pagada,2026-06-25
O-00292,proveedor,Pinturas Industriales Norte S.A.,Factura compra semana 2026-05-26,2026-06-25,11552000,pagada,2026-06-25
O-00293,proveedor,Herramientas Profesionales Ltda.,Factura compra semana 2026-05-26,2026-06-25,17954000,pagada,2026-06-25
O-00294,proveedor,Abrasivos y Discos del Sur SpA,Factura compra semana 2026-05-26,2026-06-25,13661000,pagada,2026-06-25
O-00295,sueldos,Remuneraciones personal,Sueldos del mes,2026-06-30,75744000,pagada,2026-06-30
O-00296,proveedor,Aceros del Pacífico Importadora S.A.,Factura compra semana 2026-06-02,2026-07-02,42882000,pagada,2026-07-02
O-00297,proveedor,Distribuidora Ferrotec Ltda.,Factura compra semana 2026-06-02,2026-07-02,23537000,pagada,2026-07-02
O-00298,proveedor,Tornillos y Fijaciones Industriales S.A.,Factura compra semana 2026-06-02,2026-07-02,16663000,pagada,2026-07-02
O-00299,proveedor,Soldamax Chile SpA,Factura compra semana 2026-06-02,2026-07-02,15020000,pagada,2026-07-02
O-00300,proveedor,Pinturas Industriales Norte S.A.,Factura compra semana 2026-06-02,2026-07-02,12859000,pagada,2026-07-02
O-00301,proveedor,Herramientas Profesionales Ltda.,Factura compra semana 2026-06-02,2026-07-02,19221000,pagada,2026-07-02
O-00302,proveedor,Abrasivos y Discos del Sur SpA,Factura compra semana 2026-06-02,2026-07-02,11497000,pagada,2026-07-02
O-00303,arriendo,Inmobiliaria Parque Industrial S.A.,Arriendo bodega y oficinas,2026-07-06,18500000,pagada,2026-07-06
O-00304,proveedor,Aceros del Pacífico Importadora S.A.,Factura compra semana 2026-06-09,2026-07-09,43798000,pagada,2026-07-09
O-00305,proveedor,Distribuidora Ferrotec Ltda.,Factura compra semana 2026-06-09,2026-07-09,24604000,pagada,2026-07-09
O-00306,proveedor,Tornillos y Fijaciones Industriales S.A.,Factura compra semana 2026-06-09,2026-07-09,18018000,pagada,2026-07-09
O-00307,proveedor,Soldamax Chile SpA,Factura compra semana 2026-06-09,2026-07-09,16596000,pagada,2026-07-09
O-00308,proveedor,Pinturas Industriales Norte S.A.,Factura compra semana 2026-06-09,2026-07-09,12786000,pagada,2026-07-09
O-00309,proveedor,Herramientas Profesionales Ltda.,Factura compra semana 2026-06-09,2026-07-09,16108000,pagada,2026-07-09
O-00310,proveedor,Abrasivos y Discos del Sur SpA,Factura compra semana 2026-06-09,2026-07-09,15776000,pagada,2026-07-09
O-00311,servicios,Servicios básicos y logística,"Luz, agua, fletes, telecom",2026-07-15,14898000,pagada,2026-07-15
O-00312,proveedor,Aceros del Pacífico Importadora S.A.,Factura compra semana 2026-06-16,2026-07-16,36581000,pagada,2026-07-16
O-00313,proveedor,Distribuidora Ferrotec Ltda.,Factura compra semana 2026-06-16,2026-07-16,22228000,pagada,2026-07-16
O-00314,proveedor,Tornillos y Fijaciones Industriales S.A.,Factura compra semana 2026-06-16,2026-07-16,15497000,pagada,2026-07-16
O-00315,proveedor,Soldamax Chile SpA,Factura compra semana 2026-06-16,2026-07-16,13925000,pagada,2026-07-16
O-00316,proveedor,Pinturas Industriales Norte S.A.,Factura compra semana 2026-06-16,2026-07-16,11655000,pagada,2026-07-16
O-00317,proveedor,Herramientas Profesionales Ltda.,Factura compra semana 2026-06-16,2026-07-16,16697000,pagada,2026-07-16
O-00318,proveedor,Abrasivos y Discos del Sur SpA,Factura compra semana 2026-06-16,2026-07-16,15248000,pagada,2026-07-16
O-00319,impuestos,Tesorería (IVA y retenciones),Declaración mensual de impuestos,2026-07-20,26071000,pagada,2026-07-20
O-00320,proveedor,Aceros del Pacífico Importadora S.A.,Factura compra semana 2026-06-23,2026-07-23,37255000,pagada,2026-07-23
O-00321,proveedor,Distribuidora Ferrotec Ltda.,Factura compra semana 2026-06-23,2026-07-23,26534000,pagada,2026-07-23
O-00322,proveedor,Tornillos y Fijaciones Industriales S.A.,Factura compra semana 2026-06-23,2026-07-23,15942000,pagada,2026-07-23
O-00323,proveedor,Soldamax Chile SpA,Factura compra semana 2026-06-23,2026-07-23,13824000,pagada,2026-07-23
O-00324,proveedor,Pinturas Industriales Norte S.A.,Factura compra semana 2026-06-23,2026-07-23,11734000,pagada,2026-07-23
O-00325,proveedor,Herramientas Profesionales Ltda.,Factura compra semana 2026-06-23,2026-07-23,14961000,pagada,2026-07-23
O-00326,proveedor,Abrasivos y Discos del Sur SpA,Factura compra semana 2026-06-23,2026-07-23,13962000,pagada,2026-07-23
O-00327,credito_bancario,Banco Industrial,Cuota 1/6 crédito capital de trabajo,2026-07-28,41800000,pagada,2026-07-28
O-00328,proveedor,Aceros del Pacífico Importadora S.A.,Factura compra semana 2026-06-30,2026-07-30,48778000,pagada,2026-07-30
O-00329,proveedor,Distribuidora Ferrotec Ltda.,Factura compra semana 2026-06-30,2026-07-30,24145000,pagada,2026-07-30
O-00330,proveedor,Tornillos y Fijaciones Industriales S.A.,Factura compra semana 2026-06-30,2026-07-30,19538000,pagada,2026-07-30
O-00331,proveedor,Soldamax Chile SpA,Factura compra semana 2026-06-30,2026-07-30,13139000,pagada,2026-07-30
O-00332,proveedor,Pinturas Industriales Norte S.A.,Factura compra semana 2026-06-30,2026-07-30,12977000,pagada,2026-07-30
O-00333,proveedor,Herramientas Profesionales Ltda.,Factura compra semana 2026-06-30,2026-07-30,15509000,pagada,2026-07-30
O-00334,proveedor,Abrasivos y Discos del Sur SpA,Factura compra semana 2026-06-30,2026-07-30,17381000,pagada,2026-07-30
O-00335,sueldos,Remuneraciones personal,Sueldos del mes,2026-07-31,78213000,pagada,2026-07-31
O-00336,arriendo,Inmobiliaria Parque Industrial S.A.,Arriendo bodega y oficinas,2026-08-05,18500000,pagada,2026-08-05
O-00337,proveedor,Aceros del Pacífico Importadora S.A.,Factura compra semana 2026-07-07,2026-08-06,38335000,pagada,2026-08-06
O-00338,proveedor,Distribuidora Ferrotec Ltda.,Factura compra semana 2026-07-07,2026-08-06,32036000,pagada,2026-08-06
O-00339,proveedor,Tornillos y Fijaciones Industriales S.A.,Factura compra semana 2026-07-07,2026-08-06,15869000,pagada,2026-08-06
O-00340,proveedor,Soldamax Chile SpA,Factura compra semana 2026-07-07,2026-08-06,16080000,pagada,2026-08-06
O-00341,proveedor,Pinturas Industriales Norte S.A.,Factura compra semana 2026-07-07,2026-08-06,10941000,pagada,2026-08-06
O-00342,proveedor,Herramientas Profesionales Ltda.,Factura compra semana 2026-07-07,2026-08-06,14824000,pagada,2026-08-06
O-00343,proveedor,Abrasivos y Discos del Sur SpA,Factura compra semana 2026-07-07,2026-08-06,12014000,pagada,2026-08-06
O-00344,proveedor,Aceros del Pacífico Importadora S.A.,Factura compra semana 2026-07-14,2026-08-13,38499000,pagada,2026-08-13
O-00345,proveedor,Distribuidora Ferrotec Ltda.,Factura compra semana 2026-07-14,2026-08-13,25905000,pagada,2026-08-13
O-00346,proveedor,Tornillos y Fijaciones Industriales S.A.,Factura compra semana 2026-07-14,2026-08-13,18504000,pagada,2026-08-13
O-00347,proveedor,Soldamax Chile SpA,Factura compra semana 2026-07-14,2026-08-13,14813000,pagada,2026-08-13
O-00348,proveedor,Pinturas Industriales Norte S.A.,Factura compra semana 2026-07-14,2026-08-13,12576000,pagada,2026-08-13
O-00349,proveedor,Herramientas Profesionales Ltda.,Factura compra semana 2026-07-14,2026-08-13,15031000,pagada,2026-08-13
O-00350,proveedor,Abrasivos y Discos del Sur SpA,Factura compra semana 2026-07-14,2026-08-13,15995000,pagada,2026-08-13
O-00351,servicios,Servicios básicos y logística,"Luz, agua, fletes, telecom",2026-08-17,15383000,pagada,2026-08-17
O-00352,proveedor,Aceros del Pacífico Importadora S.A.,Factura compra semana 2026-07-21,2026-08-20,50299000,pagada,2026-08-20
O-00353,proveedor,Distribuidora Ferrotec Ltda.,Factura compra semana 2026-07-21,2026-08-20,24171000,pagada,2026-08-20
O-00354,proveedor,Tornillos y Fijaciones Industriales S.A.,Factura compra semana 2026-07-21,2026-08-20,20168000,pagada,2026-08-20
O-00355,proveedor,Soldamax Chile SpA,Factura compra semana 2026-07-21,2026-08-20,13545000,pagada,2026-08-20
O-00356,proveedor,Pinturas Industriales Norte S.A.,Factura compra semana 2026-07-21,2026-08-20,11770000,pagada,2026-08-20
O-00357,proveedor,Herramientas Profesionales Ltda.,Factura compra semana 2026-07-21,2026-08-20,20268000,pagada,2026-08-20
O-00358,proveedor,Abrasivos y Discos del Sur SpA,Factura compra semana 2026-07-21,2026-08-20,16177000,pagada,2026-08-20
O-00359,impuestos,Tesorería (IVA y retenciones),Declaración mensual de impuestos,2026-08-20,26921000,pagada,2026-08-20
O-00360,proveedor,Aceros del Pacífico Importadora S.A.,Factura compra semana 2026-07-28,2026-08-27,45542000,pagada,2026-08-27
O-00361,proveedor,Distribuidora Ferrotec Ltda.,Factura compra semana 2026-07-28,2026-08-27,25862000,pagada,2026-08-27
O-00362,proveedor,Tornillos y Fijaciones Industriales S.A.,Factura compra semana 2026-07-28,2026-08-27,18653000,pagada,2026-08-27
O-00363,proveedor,Soldamax Chile SpA,Factura compra semana 2026-07-28,2026-08-27,15278000,pagada,2026-08-27
O-00364,proveedor,Pinturas Industriales Norte S.A.,Factura compra semana 2026-07-28,2026-08-27,14413000,pagada,2026-08-27
O-00365,proveedor,Herramientas Profesionales Ltda.,Factura compra semana 2026-07-28,2026-08-27,20563000,pagada,2026-08-27
O-00366,proveedor,Abrasivos y Discos del Sur SpA,Factura compra semana 2026-07-28,2026-08-27,12832000,pagada,2026-08-27
O-00367,credito_bancario,Banco Industrial,Cuota 2/6 crédito capital de trabajo,2026-08-28,41800000,pagada,2026-08-28
O-00368,sueldos,Remuneraciones personal,Sueldos del mes,2026-08-31,80763000,pagada,2026-08-31
O-00369,proveedor,Aceros del Pacífico Importadora S.A.,Factura compra semana 2026-08-04,2026-09-03,44194000,pagada,2026-09-03
O-00370,proveedor,Distribuidora Ferrotec Ltda.,Factura compra semana 2026-08-04,2026-09-03,28439000,pagada,2026-09-03
O-00371,proveedor,Tornillos y Fijaciones Industriales S.A.,Factura compra semana 2026-08-04,2026-09-03,19825000,pagada,2026-09-03
O-00372,proveedor,Soldamax Chile SpA,Factura compra semana 2026-08-04,2026-09-03,13296000,pagada,2026-09-03
O-00373,proveedor,Pinturas Industriales Norte S.A.,Factura compra semana 2026-08-04,2026-09-03,13829000,pagada,2026-09-03
O-00374,proveedor,Herramientas Profesionales Ltda.,Factura compra semana 2026-08-04,2026-09-03,19272000,pagada,2026-09-03
O-00375,proveedor,Abrasivos y Discos del Sur SpA,Factura compra semana 2026-08-04,2026-09-03,12625000,pagada,2026-09-03
O-00376,arriendo,Inmobiliaria Parque Industrial S.A.,Arriendo bodega y oficinas,2026-09-07,18500000,pagada,2026-09-07
O-00377,proveedor,Aceros del Pacífico Importadora S.A.,Factura compra semana 2026-08-11,2026-09-10,37991000,pagada,2026-09-10
O-00378,proveedor,Distribuidora Ferrotec Ltda.,Factura compra semana 2026-08-11,2026-09-10,29736000,pagada,2026-09-10
O-00379,proveedor,Tornillos y Fijaciones Industriales S.A.,Factura compra semana 2026-08-11,2026-09-10,20336000,pagada,2026-09-10
O-00380,proveedor,Soldamax Chile SpA,Factura compra semana 2026-08-11,2026-09-10,14209000,pagada,2026-09-10
O-00381,proveedor,Pinturas Industriales Norte S.A.,Factura compra semana 2026-08-11,2026-09-10,10637000,pagada,2026-09-10
O-00382,proveedor,Herramientas Profesionales Ltda.,Factura compra semana 2026-08-11,2026-09-10,16382000,pagada,2026-09-10
O-00383,proveedor,Abrasivos y Discos del Sur SpA,Factura compra semana 2026-08-11,2026-09-10,14712000,pagada,2026-09-10
O-00384,servicios,Servicios básicos y logística,"Luz, agua, fletes, telecom",2026-09-15,15869000,pagada,2026-09-15
O-00385,proveedor,Aceros del Pacífico Importadora S.A.,Factura compra semana 2026-08-18,2026-09-17,48901000,pagada,2026-09-17
O-00386,proveedor,Distribuidora Ferrotec Ltda.,Factura compra semana 2026-08-18,2026-09-17,24389000,pagada,2026-09-17
O-00387,proveedor,Tornillos y Fijaciones Industriales S.A.,Factura compra semana 2026-08-18,2026-09-17,20745000,pagada,2026-09-17
O-00388,proveedor,Soldamax Chile SpA,Factura compra semana 2026-08-18,2026-09-17,13928000,pagada,2026-09-17
O-00389,proveedor,Pinturas Industriales Norte S.A.,Factura compra semana 2026-08-18,2026-09-17,13921000,pagada,2026-09-17
O-00390,proveedor,Herramientas Profesionales Ltda.,Factura compra semana 2026-08-18,2026-09-17,21732000,pagada,2026-09-17
O-00391,proveedor,Abrasivos y Discos del Sur SpA,Factura compra semana 2026-08-18,2026-09-17,13404000,pagada,2026-09-17
O-00392,impuestos,Tesorería (IVA y retenciones),Declaración mensual de impuestos,2026-09-21,27771000,pagada,2026-09-21
O-00393,proveedor,Aceros del Pacífico Importadora S.A.,Factura compra semana 2026-08-25,2026-09-24,54592000,pagada,2026-09-24
O-00394,proveedor,Distribuidora Ferrotec Ltda.,Factura compra semana 2026-08-25,2026-09-24,30371000,pagada,2026-09-24
O-00395,proveedor,Tornillos y Fijaciones Industriales S.A.,Factura compra semana 2026-08-25,2026-09-24,21608000,pagada,2026-09-24
O-00396,proveedor,Soldamax Chile SpA,Factura compra semana 2026-08-25,2026-09-24,14637000,pagada,2026-09-24
O-00397,proveedor,Pinturas Industriales Norte S.A.,Factura compra semana 2026-08-25,2026-09-24,14288000,pagada,2026-09-24
O-00398,proveedor,Herramientas Profesionales Ltda.,Factura compra semana 2026-08-25,2026-09-24,18537000,pagada,2026-09-24
O-00399,proveedor,Abrasivos y Discos del Sur SpA,Factura compra semana 2026-08-25,2026-09-24,13657000,pagada,2026-09-24
O-00400,credito_bancario,Banco Industrial,Cuota 3/6 crédito capital de trabajo,2026-09-28,41800000,pendiente,
O-00401,sueldos,Remuneraciones personal,Sueldos del mes,2026-09-30,83314000,pendiente,
O-00402,proveedor,Aceros del Pacífico Importadora S.A.,Factura compra semana 2026-09-01,2026-10-01,56458000,pendiente,
O-00403,proveedor,Distribuidora Ferrotec Ltda.,Factura compra semana 2026-09-01,2026-10-01,33326000,pendiente,
O-00404,proveedor,Tornillos y Fijaciones Industriales S.A.,Factura compra semana 2026-09-01,2026-10-01,16013000,pendiente,
O-00405,proveedor,Soldamax Chile SpA,Factura compra semana 2026-09-01,2026-10-01,15426000,pendiente,
O-00406,proveedor,Pinturas Industriales Norte S.A.,Factura compra semana 2026-09-01,2026-10-01,15003000,pendiente,
O-00407,proveedor,Herramientas Profesionales Ltda.,Factura compra semana 2026-09-01,2026-10-01,19206000,pendiente,
O-00408,proveedor,Abrasivos y Discos del Sur SpA,Factura compra semana 2026-09-01,2026-10-01,15682000,pendiente,
O-00409,arriendo,Inmobiliaria Parque Industrial S.A.,Arriendo bodega y oficinas,2026-10-05,18500000,pendiente,
O-00410,proveedor,Aceros del Pacífico Importadora S.A.,Factura compra semana 2026-09-08,2026-10-08,41648000,pendiente,
O-00411,proveedor,Distribuidora Ferrotec Ltda.,Factura compra semana 2026-09-08,2026-10-08,27541000,pendiente,
O-00412,proveedor,Tornillos y Fijaciones Industriales S.A.,Factura compra semana 2026-09-08,2026-10-08,18957000,pendiente,
O-00413,proveedor,Soldamax Chile SpA,Factura compra semana 2026-09-08,2026-10-08,17163000,pendiente,
O-00414,proveedor,Pinturas Industriales Norte S.A.,Factura compra semana 2026-09-08,2026-10-08,12395000,pendiente,
O-00415,proveedor,Herramientas Profesionales Ltda.,Factura compra semana 2026-09-08,2026-10-08,19995000,pendiente,
O-00416,proveedor,Abrasivos y Discos del Sur SpA,Factura compra semana 2026-09-08,2026-10-08,13289000,pendiente,
O-00417,proveedor,Aceros del Pacífico Importadora S.A.,Factura compra semana 2026-09-15,2026-10-15,52792000,pendiente,
O-00418,proveedor,Distribuidora Ferrotec Ltda.,Factura compra semana 2026-09-15,2026-10-15,22959000,pendiente,
O-00419,proveedor,Tornillos y Fijaciones Industriales S.A.,Factura compra semana 2026-09-15,2026-10-15,20187000,pendiente,
O-00420,proveedor,Soldamax Chile SpA,Factura compra semana 2026-09-15,2026-10-15,17995000,pendiente,
O-00421,proveedor,Pinturas Industriales Norte S.A.,Factura compra semana 2026-09-15,2026-10-15,14093000,pendiente,
O-00422,proveedor,Herramientas Profesionales Ltda.,Factura compra semana 2026-09-15,2026-10-15,16407000,pendiente,
O-00423,proveedor,Abrasivos y Discos del Sur SpA,Factura compra semana 2026-09-15,2026-10-15,18110000,pendiente,
O-00424,servicios,Servicios básicos y logística,"Luz, agua, fletes, telecom",2026-10-15,16339000,pendiente,
O-00425,impuestos,Tesorería (IVA y retenciones),Declaración mensual de impuestos,2026-10-20,28594000,pendiente,
O-00426,proveedor,Aceros del Pacífico Importadora S.A.,Factura compra semana 2026-09-22,2026-10-22,39986000,pendiente,
O-00427,proveedor,Distribuidora Ferrotec Ltda.,Factura compra semana 2026-09-22,2026-10-22,23844000,pendiente,
O-00428,proveedor,Tornillos y Fijaciones Industriales S.A.,Factura compra semana 2026-09-22,2026-10-22,21713000,pendiente,
O-00429,proveedor,Soldamax Chile SpA,Factura compra semana 2026-09-22,2026-10-22,13991000,pendiente,
O-00430,proveedor,Pinturas Industriales Norte S.A.,Factura compra semana 2026-09-22,2026-10-22,12550000,pendiente,
O-00431,proveedor,Herramientas Profesionales Ltda.,Factura compra semana 2026-09-22,2026-10-22,22590000,pendiente,
O-00432,proveedor,Abrasivos y Discos del Sur SpA,Factura compra semana 2026-09-22,2026-10-22,14161000,pendiente,
O-00433,credito_bancario,Banco Industrial,Cuota 4/6 crédito capital de trabajo,2026-10-28,41800000,pendiente,
O-00434,proveedor,Aceros del Pacífico Importadora S.A.,Importación extraordinaria de acero para temporada alta (60 días),2026-10-29,395000000,pendiente,
O-00435,sueldos,Remuneraciones personal,Sueldos del mes,2026-10-30,85782000,pendiente,
O-00436,arriendo,Inmobiliaria Parque Industrial S.A.,Arriendo bodega y oficinas,2026-11-05,18500000,pendiente,
O-00437,servicios,Servicios básicos y logística,"Luz, agua, fletes, telecom",2026-11-16,16825000,pendiente,
O-00438,impuestos,Tesorería (IVA y retenciones),Declaración mensual de impuestos,2026-11-20,29444000,pendiente,
O-00439,sueldos,Remuneraciones personal,Sueldos del mes,2026-11-30,88332000,pendiente,
O-00440,credito_bancario,Banco Industrial,Cuota 5/6 crédito capital de trabajo,2026-11-30,41800000,pendiente,
O-00441,arriendo,Inmobiliaria Parque Industrial S.A.,Arriendo bodega y oficinas,2026-12-07,18500000,pendiente,
O-00442,servicios,Servicios básicos y logística,"Luz, agua, fletes, telecom",2026-12-15,17295000,pendiente,
O-00443,impuestos,Tesorería (IVA y retenciones),Declaración mensual de impuestos,2026-12-21,30267000,pendiente,
